{"cameraMode":{"drawMode":0,"name":"Shaded","section":"Shading Mode"},"sceneLighting":false,"audioPlay":false,"sceneViewState":{"showFog":true,"showMaterialUpdate":false,"showSkybox":false,"showFlares":true,"showImageEffects":true,"showParticleSystems":true},"in2DMode":false,"pivot":{"x":-1111.846923828125,"y":95.78030395507813,"z":1183.417236328125},"rotation":{"x":-0.39868757128715517,"y":0.5838987827301025,"z":-0.39844653010368349,"w":-0.5842505097389221},"size":0.8660253882408142,"orthographic":false}